Pat02	CDK4	Amplification
Pat02	NKX2-1	Amplification
Pat03	CDK4	Amplification
Pat04	CDKN2A	Homozygous_Deletion
Pat04	CDKN2B	Homozygous_Deletion
Pat04	KRAS	Amplification
Pat05	NKX2-1	Amplification
Pat08	CDK4	Amplification
Pat08	CDKN2A	Homozygous_Deletion
Pat08	CDKN2B	Homozygous_Deletion
Pat10	RB1	Homozygous_Deletion
Pat100	RB1	Nonsense_Mutation
Pat101	CDKN2A	Homozygous_Deletion
Pat101	CDKN2B	Homozygous_Deletion
Pat103	CDKN2A	Missense_Mutation
Pat105	CDKN2A	Homozygous_Deletion
Pat105	CDKN2B	Homozygous_Deletion
Pat105	NKX2-1	Amplification
Pat106	CDKN2A	Homozygous_Deletion
Pat106	CDKN2B	Homozygous_Deletion
Pat108	CDKN2A	Homozygous_Deletion
Pat108	CDKN2B	Homozygous_Deletion
Pat109	NKX2-1	Amplification
Pat111	CDKN2A	Homozygous_Deletion
Pat111	CDKN2B	Homozygous_Deletion
Pat112	RB1	Homozygous_Deletion
Pat113	RB1	Nonsense_Mutation
Pat116	NKX2-1	Amplification
Pat13	CDK4	Amplification
Pat14	CDKN2A	Homozygous_Deletion
Pat14	CDKN2B	Homozygous_Deletion
Pat15	CDKN2A	Homozygous_Deletion
Pat15	CDKN2B	Homozygous_Deletion
Pat15	NKX2-1	Amplification
Pat16	CDKN2A	Homozygous_Deletion
Pat16	CDKN2B	Homozygous_Deletion
Pat17	NKX2-1	Amplification
Pat24	CDKN2A	Homozygous_Deletion
Pat24	CDKN2B	Homozygous_Deletion
Pat24	NKX2-1	Amplification
Pat27	CDKN2A	Homozygous_Deletion
Pat27	CDKN2B	Homozygous_Deletion
Pat34	RB1	Homozygous_Deletion
Pat35	CDKN2A	Homozygous_Deletion
Pat35	CDKN2B	Homozygous_Deletion
Pat37	CDKN2A	Homozygous_Deletion
Pat37	CDKN2B	Homozygous_Deletion
Pat39	CDKN2A	Homozygous_Deletion
Pat39	CDKN2B	Homozygous_Deletion
Pat40	CDKN2A	Homozygous_Deletion
Pat40	CDKN2B	Homozygous_Deletion
Pat41	CDKN2A	Homozygous_Deletion
Pat41	CDKN2B	Homozygous_Deletion
Pat41	KRAS	Missense_Mutation
Pat44	NKX2-1	Amplification
Pat45	CDKN2A	Homozygous_Deletion
Pat45	CDKN2B	Homozygous_Deletion
Pat46	RB1	Homozygous_Deletion
Pat47	CDK4	Amplification
Pat48	CDKN2A	Homozygous_Deletion
Pat48	CDKN2B	Homozygous_Deletion
Pat50	NKX2-1	Amplification
Pat51	CDKN2A	Homozygous_Deletion
Pat51	CDKN2B	Homozygous_Deletion
Pat53	CDKN2A	Homozygous_Deletion
Pat53	CDKN2B	Homozygous_Deletion
Pat54	CDKN2A	Amplification
Pat54	CDKN2B	Amplification
Pat54	NKX2-1	Amplification
Pat56	CDKN2A	Homozygous_Deletion
Pat56	CDKN2B	Homozygous_Deletion
Pat60	CDKN2A	Homozygous_Deletion
Pat60	CDKN2B	Homozygous_Deletion
Pat64	CDKN2A	Homozygous_Deletion
Pat64	CDKN2B	Homozygous_Deletion
Pat65	CDK4	Amplification
Pat65	NKX2-1	Amplification
Pat66	CDKN2A	Homozygous_Deletion
Pat66	CDKN2B	Homozygous_Deletion
Pat66	KRAS	Amplification
Pat67	CDK4	Amplification
Pat67	NKX2-1	Amplification
Pat68	CDKN2A	Homozygous_Deletion
Pat68	CDKN2B	Homozygous_Deletion
Pat68	NKX2-1	Amplification
Pat72	NKX2-1	Amplification
Pat73	CDKN2A	Homozygous_Deletion
Pat73	CDKN2B	Homozygous_Deletion
Pat74	CDKN2A	Homozygous_Deletion
Pat74	CDKN2B	Homozygous_Deletion
Pat76	NKX2-1	Amplification
Pat77	CDKN2A	Homozygous_Deletion
Pat77	CDKN2B	Homozygous_Deletion
Pat81	RB1	Splice_Site
Pat82	NKX2-1	Amplification
Pat83	CDKN2A	Homozygous_Deletion
Pat83	CDKN2B	Homozygous_Deletion
Pat85	CDK4	Amplification
Pat85	NKX2-1	Amplification
Pat86	RB1	Frame_Shift_Del
Pat87	CDKN2A	Homozygous_Deletion
Pat87	CDKN2B	Homozygous_Deletion
Pat88	CDKN2A	Homozygous_Deletion
Pat88	CDKN2B	Homozygous_Deletion
Pat89	RB1	Missense_Mutation
Pat92	CDKN2A	Homozygous_Deletion
Pat92	CDKN2B	Homozygous_Deletion
Pat94	NKX2-1	Amplification
Pat95	CDKN2A	Homozygous_Deletion
Pat95	CDKN2B	Homozygous_Deletion
Pat95	KRAS	Missense_Mutation
Pat96	KRAS	Missense_Mutation
Pat98	CDKN2A	Homozygous_Deletion
Pat98	CDKN2B	Homozygous_Deletion
